symbol,state,label,count_1,avg_forward_return_1,win_rate_1,avg_win_1,avg_loss_1,ci_low_1,ci_high_1,ev_after_cost_1,count_5,avg_forward_return_5,win_rate_5,avg_win_5,avg_loss_5,ci_low_5,ci_high_5,ev_after_cost_5,count_10,avg_forward_return_10,win_rate_10,avg_win_10,avg_loss_10,ci_low_10,ci_high_10,ev_after_cost_10,count_20,avg_forward_return_20,win_rate_20,avg_win_20,avg_loss_20,ci_low_20,ci_high_20,ev_after_cost_20
GLD,0,FAR_FROM_LEVEL,3186,0.0002904263077640071,0.5257376020087885,0.006868325553354654,-0.00705276472355528,-4.169267343247398e-05,0.0006225452889604881,-0.00020957369223599293,3182,0.001452610293623386,0.5461973601508485,0.016194287490910432,-0.01632440368139675,0.0007078714278594946,0.0021973491593872776,0.000952610293623386,3177,0.0026206994067509886,0.5527226943657538,0.023326634803692767,-0.023080345615301708,0.001561659168899471,0.0036797396446025064,0.0021206994067509886,3167,0.004970813145033429,0.5288916956109884,0.036377188756015984,-0.03034870781464466,0.0034855306949206676,0.00645609559514619,0.0044708131450334285
GLD,1,APPROACHING_SUPPORT,85,-0.0008316282452798291,0.4117647058823529,0.007796510372692562,-0.006871325277860503,-0.0030065689434927816,0.0013433124529331235,-0.001331628245279829,85,-0.0015487036465884198,0.4588235294117647,0.019143696941384878,-0.01909226066682665,-0.00732014670236051,0.004222739409183671,-0.0020487036465884198,85,0.0034701118763622845,0.5058823529411764,0.030994763036745393,-0.0247098881211728,-0.0039243370076438785,0.010864560760368448,0.0029701118763622845,85,0.006383298687130455,0.4823529411764706,0.04443230907601356,-0.02907146099341972,-0.0035013902428593065,0.016267987617120217,0.005883298687130455
GLD,2,TOUCHING_SUPPORT,67,0.0003619867045447408,0.5522388059701493,0.008806807185321258,-0.010053291888412964,-0.002944865084752569,0.0036688384938420504,-0.0001380132954552592,67,0.000664851025335134,0.47761194029850745,0.020547809791196775,-0.01751385413202408,-0.0060447800919797385,0.007374482142650007,0.00016485102533513399,67,-0.002212602892799558,0.3880597014925373,0.03571879045933919,-0.026266657213668033,-0.011714239289551691,0.007289033503952576,-0.002712602892799558,67,0.011480094548402915,0.5522388059701493,0.04236944334198473,-0.026616768963681325,0.0010533787502904624,0.021906810346515367,0.010980094548402914
GLD,3,SUPPORT_RECLAIM,24,0.0030921997348574565,0.7083333333333334,0.007354825836560735,-0.007259892226421935,-0.0008499719552603558,0.007034371424975269,0.0025921997348574565,24,0.0005107800032587659,0.5,0.015069739271517465,-0.014048179264999933,-0.008010276156500129,0.00903183616301766,1.0780003258765926e-05,24,0.0077116196965962515,0.5416666666666666,0.0265916074556315,-0.014601093109536318,-0.003410347329268342,0.018833586722460844,0.007211619696596252,24,0.013298832858605891,0.625,0.03633380643963453,-0.025092789776441842,-0.0015634610179978865,0.02816112673520967,0.01279883285860589
GLD,4,SUPPORT_BREAKDOWN,32,-0.003447776427272068,0.5,0.006783921843562232,-0.013679474698106368,-0.009900421863295004,0.0030048690087508675,-0.0039477764272720685,32,0.0010498642517126518,0.5625,0.017155195916603343,-0.01965699074600395,-0.007548014601523521,0.009647743104948824,0.0005498642517126518,32,0.008878259087610082,0.5,0.03454066325508555,-0.016784145079865385,-0.0019450163570016651,0.01970153453222183,0.008378259087610081,32,0.019493511819801024,0.65625,0.03978125027619963,-0.019237625233323587,0.00548674048003845,0.0335002831595636,0.018993511819801023
GLD,5,APPROACHING_RESISTANCE,136,0.0006787526541348898,0.47058823529411764,0.009616952684306158,-0.007266314039350682,-0.0011746667428118927,0.0025321720510816724,0.00017875265413488982,136,0.005881846182291506,0.5882352941176471,0.024443367568692427,-0.021009787721886348,0.0009312479665303458,0.010832444398052667,0.005381846182291506,136,0.01258149587490777,0.6397058823529411,0.03638284429005168,-0.02967804110708244,0.005090649222195357,0.020072342527620184,0.012081495874907769,136,0.02335858444973154,0.625,0.0568445204160748,-0.03245130882750723,0.01390545302865054,0.03281171587081254,0.022858584449731538
GLD,6,COMPRESSION_BELOW_RESISTANCE,58,0.00284283405145915,0.5862068965517241,0.00820298634065432,-0.004750715024900672,0.0007060542198462851,0.004979613883072016,0.00234283405145915,58,0.005129293295692034,0.5689655172413793,0.01854956013137854,-0.012585458927414153,0.00015710934829277993,0.010101477243091288,0.004629293295692035,58,0.012060827149260137,0.5862068965517241,0.032223691025010937,-0.016503230008053493,0.0046531885773011,0.019468465721219172,0.011560827149260136,58,0.018587429076689376,0.6724137931034483,0.042031888480586956,-0.029535408647100404,0.008095195952109849,0.029079662201268903,0.018087429076689376
GLD,7,RESISTANCE_BREAKOUT,47,0.0036182776531142762,0.6382978723404256,0.008320416097875942,-0.004679613719994545,0.001251890770581202,0.00598466453564735,0.0031182776531142762,47,0.007262117563760824,0.574468085106383,0.023431816977087353,-0.01456697664422999,4.2581127309144e-05,0.014481654000212504,0.006762117563760824,47,0.01032405107812697,0.6170212765957447,0.02860492089358694,-0.019128461402336316,0.0014626964244153426,0.019185405731838596,0.009824051078126969,47,0.02632250261660022,0.6808510638297872,0.05085128160916515,-0.026005559234204948,0.011795895366361685,0.040849109866838755,0.02582250261660022
GLD,8,BREAKOUT_RETEST,103,0.0006058152587727679,0.5436893203883495,0.009249071056254785,-0.009692532074397294,-0.0023420783841302125,0.0035537089016757484,0.00010581525877276785,103,0.004085324803889134,0.5728155339805825,0.019860891628882743,-0.017068276165988657,-0.0008866410211393616,0.009057290628917629,0.0035853248038891336,103,0.007121108207660549,0.49514563106796117,0.033903995771299496,-0.019146723825908415,0.00046609453599161417,0.013776121879329483,0.006621108207660549,103,0.015433063768823703,0.5631067961165048,0.045322622601435235,-0.02309125650432004,0.006443869560658063,0.024422257976989343,0.014933063768823703
GLD,9,FAILED_BREAKOUT,188,0.0012360783102855306,0.5904255319148937,0.01000474106413678,-0.01140446150370783,-0.0008417394560571632,0.0033138960766282244,0.0007360783102855306,188,0.007065284486829323,0.5797872340425532,0.023846120598167157,-0.016088021033877315,0.003276400630423104,0.010854168343235542,0.006565284486829323,188,0.010586652309724352,0.601063829787234,0.02997559223092549,-0.01862601717155202,0.00576634139939402,0.015406963220054685,0.010086652309724352,188,0.02338471855190532,0.6648936170212766,0.04670510850175799,-0.022885896427961096,0.016022892697429503,0.030746544406381134,0.02288471855190532
GLD,10,CONTINUATION,64,-0.0011353717840040193,0.546875,0.008997137396997973,-0.013841557252542368,-0.0050444881172653,0.002773744549257261,-0.0016353717840040193,64,-0.00387345950446126,0.5625,0.022655346821547843,-0.03798192478075868,-0.013251590577663676,0.005504671568741156,-0.004373459504461261,64,0.006123885407765041,0.546875,0.035666164060285555,-0.030585252714751134,-0.004206124968067859,0.01645389578359794,0.005623885407765041,64,0.008034924698084013,0.578125,0.03957136445517312,-0.03518167793200106,-0.004306485492068123,0.020376334888236147,0.007534924698084013
GLD,11,CHOP_OR_NO_EDGE,126,0.0005367994875476571,0.5158730158730159,0.008932831631513122,-0.008549955343622469,-0.0014725059426934767,0.0025461049177887907,3.67994875476571e-05,126,0.0026306177851778962,0.5793650793650794,0.018907859652608237,-0.019788979503924272,-0.0013970808615587807,0.006658316431914573,0.0021306177851778962,126,0.004789478121944646,0.5793650793650794,0.023687698828713327,-0.021240146625114097,5.943819697297459e-06,0.009573012424191995,0.0042894781219446464,126,0.01051792571482356,0.626984126984127,0.03330089602694237,-0.02777685417150381,0.00429373159489124,0.016742119834755882,0.01001792571482356
IWM,0,FAR_FROM_LEVEL,3135,0.0006674516076348653,0.5384370015948964,0.009946025925202651,-0.010184636848098942,0.00019839539323953422,0.0011365078220301962,0.00016745160763486527,3135,0.0029330729628736785,0.5617224880382775,0.02211382760868018,-0.021745077982658487,0.001915598076922669,0.003950547848824688,0.0024330729628736785,3134,0.005319859148954325,0.5775366943203574,0.03174226276003585,-0.03082468406866366,0.0038725770681441317,0.006767141229764519,0.0048198591489543256,3132,0.009310210377971183,0.6133461047254151,0.044336686098413285,-0.04640529833574663,0.007265898543523129,0.011354522212419237,0.008810210377971183
IWM,1,APPROACHING_SUPPORT,66,0.0017086184994629544,0.5909090909090909,0.014090013128000525,-0.016175618186202428,-0.002831668824937236,0.006248905823863145,0.0012086184994629543,66,0.0022662336183750446,0.5757575757575758,0.037174154018455474,-0.045108801210305534,-0.011232078175228238,0.015764545411978328,0.0017662336183750446,66,0.0029046542500914623,0.6060606060606061,0.04811342030045788,-0.06664729351970301,-0.013982743406015236,0.01979205190619816,0.0024046542500914623,66,0.020421707479291354,0.6515151515151515,0.06177582683332666,-0.056892515660861585,0.001698883089127575,0.03914453186945513,0.019921707479291353
IWM,2,TOUCHING_SUPPORT,61,0.0015977925101841367,0.5737704918032787,0.019748987978725614,-0.022836509082083237,-0.006433486164276324,0.009629071184644598,0.0010977925101841367,61,0.008306046142066438,0.6557377049180327,0.042150259546208754,-0.05615912224677607,-0.007220548042326835,0.02383264032645971,0.007806046142066437,61,0.01029512119775566,0.7213114754098361,0.04392781817883701,-0.07675421216504313,-0.007139104457810585,0.027729346853321905,0.00979512119775566,61,0.027775531212730502,0.639344262295082,0.07592265340270533,-0.05757618539677035,0.0070733287736526596,0.048477733651808345,0.027275531212730502
IWM,3,SUPPORT_RECLAIM,18,-0.02091831038138614,0.3888888888888889,0.012097037886505069,-0.04192807746095328,-0.0391752531986203,-0.00266136756415198,-0.02141831038138614,18,-0.0061578968099779575,0.6111111111111112,0.03018161473321475,-0.06326284352070935,-0.03745773944702651,0.0251419458270706,-0.006657896809977958,18,0.015142983577680723,0.6666666666666666,0.05034939293298243,-0.05526983513292268,-0.015513322371151982,0.04579928952651343,0.014642983577680723,18,0.037729238179665,0.7222222222222222,0.07662120819669752,-0.06338988386461955,0.0021935466900714143,0.0732649296692586,0.037229238179665
IWM,4,SUPPORT_BREAKDOWN,26,0.003172272863776795,0.4230769230769231,0.03524528809452074,-0.020347938305435426,-0.01062700769617285,0.01697155342372644,0.002672272863776795,26,-0.009463085001177117,0.38461538461538464,0.049315209572152005,-0.04619951910950782,-0.034161616845529846,0.015235446843175616,-0.009963085001177117,26,0.005821265847293482,0.5,0.05811933864704888,-0.04647680695246192,-0.02299912350872846,0.03464165520331542,0.005321265847293482,26,0.039121316979514376,0.7307692307692307,0.07469982445213383,-0.057448917589024116,0.007606287607094378,0.07063634635193437,0.038621316979514375
IWM,5,APPROACHING_RESISTANCE,303,0.0001120426164035237,0.5181518151815182,0.007007934406180954,-0.007353770958621669,-0.001004193583984294,0.0012282788167913413,-0.0003879573835964763,302,0.0012317877928186265,0.5728476821192053,0.016078472829114083,-0.018678882837252022,-0.001383808573400222,0.003847384159037475,0.0007317877928186265,301,0.003071453760044969,0.5681063122923588,0.021791571594255644,-0.021719776440652556,-0.00010176337386943362,0.006244670893959371,0.002571453760044969,298,0.007058756632916639,0.5503355704697986,0.034289451082565314,-0.02626836194725039,0.0026572566497130874,0.01146025661612019,0.006558756632916638
IWM,6,COMPRESSION_BELOW_RESISTANCE,143,-0.0011767125134134354,0.4965034965034965,0.005410576896583058,-0.007780575339091808,-0.0025325764097659373,0.00017915138293906631,-0.0016767125134134354,143,-0.002339980684622514,0.5244755244755245,0.013326722099997943,-0.01961943228530684,-0.00586355355476458,0.001183592185519553,-0.002839980684622514,143,-0.004117993107656062,0.5034965034965035,0.016602047552690846,-0.025129865326599412,-0.008846980016192095,0.0006109938008799706,-0.004617993107656062,143,-0.008520847904047509,0.5034965034965035,0.020320385053002467,-0.037768295409788336,-0.016661693113894514,-0.00038000269420050345,-0.009020847904047509
IWM,7,RESISTANCE_BREAKOUT,38,0.002470135835188803,0.6052631578947368,0.008600013166280172,-0.0069290094058179616,-0.0010219231769292925,0.005962194847306899,0.001970135835188803,38,0.002167545943063623,0.5263157894736842,0.015997185891286913,-0.013198720666073367,-0.0036350170447886003,0.007970108930915846,0.0016675459430636232,37,0.003443158550762733,0.5945945945945946,0.01795443287793541,-0.017840043795757196,-0.004096900757173428,0.010983217858698893,0.002943158550762733,37,0.006697694677236207,0.5675675675675675,0.03300340891982158,-0.027828555266157094,-0.006870593597904918,0.02026598295237733,0.0061976946772362065
IWM,8,BREAKOUT_RETEST,89,-0.00039097354314499884,0.48314606741573035,0.006153521522696029,-0.006508653713387698,-0.0021422659745860464,0.0013603188882960486,-0.0008909735431449988,89,-0.003271107491814345,0.43820224719101125,0.011253806159934742,-0.014600540140178633,-0.006659327179564,0.00011711219593531046,-0.003771107491814345,89,-0.002852410471356356,0.4606741573033708,0.01381556862496079,-0.017089642616127252,-0.007083924225338505,0.0013791032826257926,-0.003352410471356356,88,0.005302635734923528,0.5113636363636364,0.03440700985706746,-0.025155430206855005,-0.0032105696574959916,0.013815841127343048,0.004802635734923528
IWM,9,FAILED_BREAKOUT,101,0.0003203137585896883,0.5148514851485149,0.007829262905850258,-0.007648366969115405,-0.001597648551428233,0.0022382760686076096,-0.0001796862414103117,98,0.0023784391517602923,0.5,0.018789828756315328,-0.014032950452794743,-0.0015757345712280914,0.006332612874748676,0.0018784391517602922,96,0.005442038039021658,0.5416666666666666,0.025919055366348552,-0.018758073347819218,-0.0003624921758335021,0.011246568253876817,0.0049420380390216585,92,0.01201493633416124,0.6086956521739131,0.03866209791534182,-0.029436203903230776,0.0031571600594419245,0.02087271260888056,0.01151493633416124
IWM,10,CONTINUATION,10,-0.002805874419641208,0.3,0.0029543942701057238,-0.005274561000961321,-0.00671609834052327,0.0011043495012408545,-0.003305874419641208,10,-0.010626653325238355,0.2,0.011929391639597164,-0.016265664566447235,-0.022608096783832195,0.0013547901333554845,-0.011126653325238356,10,-0.0023073674707789647,0.3,0.018671012964908362,-0.01129810194321639,-0.013414608397289477,0.008799873455731546,-0.0028073674707789647,10,-0.002819299873813408,0.2,0.04615126470833886,-0.015061941019351474,-0.02427371881647042,0.018635119068843603,-0.003319299873813408
IWM,11,CHOP_OR_NO_EDGE,126,-0.0004983318321544724,0.5396825396825397,0.011039213766413047,-0.01402510943047501,-0.0034194264765162034,0.0024227628122072587,-0.0009983318321544724,126,-0.0009168465708818448,0.5634920634920635,0.026245043274930494,-0.03598037709911233,-0.0075083989517174925,0.005674705809953802,-0.0014168465708818447,126,-0.0013522104008442,0.5238095238095238,0.036117556879000166,-0.04256895440867301,-0.00953983514694317,0.00683541434525477,-0.0018522104008442,126,0.0031079854064965545,0.5158730158730159,0.05996159807532009,-0.05747373301110228,-0.008785516187857776,0.015001487000850884,0.0026079854064965545
QQQ,0,FAR_FROM_LEVEL,2656,0.0008222716518366875,0.5579819277108434,0.009568444213955252,-0.010297408427299091,0.000307057166634327,0.0013374861370390478,0.00032227165183668744,2656,0.004251337861224261,0.6095632530120482,0.021382025167137338,-0.02253714530066059,0.0031815902093924884,0.005321085513056034,0.003751337861224261,2656,0.008611949088091996,0.6400602409638554,0.03099345865750559,-0.031253189664347134,0.007149448353624674,0.010074449822559318,0.008111949088091996,2656,0.017117443289871987,0.6837349397590361,0.044116102732686374,-0.04130025409375262,0.015176451082997165,0.01905843549674681,0.016617443289871987
QQQ,1,APPROACHING_SUPPORT,40,0.008410770650301127,0.625,0.023785756884916385,-0.017214206407390967,-0.00034501705953799214,0.017166558360140246,0.007910770650301126,40,0.020559650579494215,0.675,0.04820802285471044,-0.03686389183826256,0.005289153702389774,0.035830147456598654,0.020059650579494215,40,0.027192061673232605,0.7,0.05568364866954203,-0.03928830798482272,0.01060583288680408,0.043778290459661126,0.026692061673232605,40,0.04295014633842592,0.7,0.08168374948167956,-0.047428260995832534,0.018254841667363114,0.06764545100948872,0.04245014633842592
QQQ,2,TOUCHING_SUPPORT,41,0.0047069816828201865,0.4878048780487805,0.025742461967769338,-0.015326809064750433,-0.0038816079171469127,0.013295571282787286,0.004206981682820186,41,0.013761839392516888,0.6829268292682927,0.03787659377349437,-0.038177631581896146,-0.0014980447457995805,0.029021723530833356,0.013261839392516888,41,0.022735248895678007,0.6585365853658537,0.056396959202576064,-0.042183763839053964,0.005042920164114156,0.04042757762724186,0.022235248895678007,41,0.03777424745002435,0.6585365853658537,0.0755200367963005,-0.03502120343207965,0.014892797278662637,0.06065569762138606,0.03727424745002435
QQQ,3,SUPPORT_RECLAIM,8,-0.0007431718469557841,0.5,0.028264417811915354,-0.029750761505826923,-0.024344827371675502,0.022858483677763934,-0.001243171846955784,8,0.02586182669952755,0.875,0.03203009013031969,-0.017316017316017396,0.005359140862424696,0.0463645125366304,0.02536182669952755,8,0.038319031553022645,0.75,0.060941329443099525,-0.029547862117208,0.002763453169134636,0.07387460993691065,0.037819031553022645,8,0.0876787558166556,1.0,0.0876787558166556,,0.046370741023507675,0.1289867706098035,0.0871787558166556
QQQ,4,SUPPORT_BREAKDOWN,11,0.0057565657625433635,0.5454545454545454,0.03381484214890229,-0.02791336590108735,-0.019274137807039987,0.030787269332126714,0.005256565762543363,11,0.03936380389400156,0.9090909090909091,0.04429428182922342,-0.009940975458216927,0.020940694860958255,0.05778691292704487,0.03886380389400156,11,0.047064182907446454,0.6363636363636364,0.07920974583735894,-0.009190552219900394,0.014338026760880834,0.07979033905401207,0.046564182907446454,11,0.10229028082298021,1.0,0.10229028082298021,,0.06079672575230944,0.14378383589365099,0.10179028082298021
QQQ,5,APPROACHING_RESISTANCE,457,0.0008861016395188595,0.5711159737417943,0.005786432975133742,-0.00569747709922571,0.00017936980969892344,0.0015928334693387954,0.00038610163951885944,457,0.0026900584450228046,0.5973741794310722,0.014764908389230749,-0.015308542518494932,0.000963250533207289,0.00441686635683832,0.0021900584450228046,457,0.004695757019712677,0.6236323851203501,0.02030546102317693,-0.02129295575202767,0.002180792147706082,0.007210721891719271,0.004195757019712677,457,0.008033008539634321,0.6783369803063457,0.03225947615113822,-0.043056821117278654,0.0037766989015221427,0.012289318177746499,0.007533008539634321
QQQ,6,COMPRESSION_BELOW_RESISTANCE,184,-0.0007168587753624043,0.5434782608695652,0.005206614762934214,-0.0077686129876202836,-0.0019561658651004476,0.0005224483143756389,-0.0012168587753624044,184,-0.0009664997137387353,0.5,0.0157774562417083,-0.017710455669185773,-0.004006721441161777,0.002073722013684306,-0.0014664997137387352,184,0.0023609641731706667,0.6086956521739131,0.019827108084627978,-0.024808593022429597,-0.0017258061320630969,0.006447734478404431,0.0018609641731706667,184,0.008065691882171622,0.6413043478260869,0.03229693504751021,-0.03579924660440963,0.0021423105090955137,0.01398907325524773,0.007565691882171622
QQQ,7,RESISTANCE_BREAKOUT,81,-0.0002930311734979765,0.5185185185185185,0.0044338316486140375,-0.005525169849871728,-0.0020369597741415895,0.0014508974271456364,-0.0007930311734979764,81,0.001051309945746127,0.5679012345679012,0.01046343006516704,-0.011651814040948456,-0.002381972757440663,0.004484592648932917,0.0005513099457461271,81,0.003381558002820736,0.6049382716049383,0.01874413974120494,-0.02014239528408008,-0.002176024313870984,0.008939140319512456,0.002881558002820736,81,0.01024538360466353,0.6790123456790124,0.031747287030638525,-0.03523941210412972,0.0001310186226140108,0.02035974858671305,0.00974538360466353
QQQ,8,BREAKOUT_RETEST,259,0.0005989626958199482,0.5598455598455598,0.005310880180856972,-0.005442002548733579,-0.0002897915545914851,0.0014877169462313815,9.896269581994817e-05,256,0.0027311723205017484,0.63671875,0.012994941978954044,-0.015423863353489805,0.0005445772180827642,0.004917767422920733,0.0022311723205017484,254,0.0047987666411291215,0.6417322834645669,0.018847639782131075,-0.020365698435610643,0.0017303659355643103,0.007867167346693932,0.004298766641129121,248,0.007860854303101825,0.6290322580645161,0.0312777762918954,-0.03184610037354816,0.0029017353470651213,0.012819973259138528,0.007360854303101825
QQQ,9,FAILED_BREAKOUT,214,0.00023329871615618853,0.5747663551401869,0.006930295628544082,-0.008916671522816642,-0.0012244627290154517,0.0016910601613278286,-0.00026670128384381146,213,0.0014669535745634478,0.6150234741784038,0.015227636459835287,-0.020516576400687905,-0.0017438985363329082,0.004677805685459804,0.0009669535745634478,213,0.002885403048487191,0.6291079812206573,0.023056454974355694,-0.03132878629412521,-0.001784847531054273,0.007555653628028656,0.002385403048487191,211,0.007084604772555457,0.6492890995260664,0.03336144951623247,-0.042132424338556795,0.0001922841614542363,0.013976925383656677,0.006584604772555456
QQQ,10,CONTINUATION,39,-0.0019723598327331137,0.46153846153846156,0.004516584311950036,-0.007534311956747242,-0.0054510555193879925,0.0015063358539217646,-0.0024723598327331137,39,-0.002226944497001081,0.5128205128205128,0.015776494840582956,-0.02117793327340533,-0.01085385754746683,0.006399968553464669,-0.002726944497001081,36,-0.001857662931970449,0.6111111111111112,0.022395536282729108,-0.03996983312649832,-0.014736474624275811,0.011021148760334911,-0.002357662931970449,34,-0.007985047775101825,0.47058823529411764,0.029664063090117807,-0.0414509240997415,-0.023568968524856446,0.007598872974652797,-0.008485047775101826
QQQ,11,CHOP_OR_NO_EDGE,126,-0.0005871852604901398,0.5317460317460317,0.008538836814799054,-0.011334866831812179,-0.002990733897360175,0.0018163633763798952,-0.00108718526049014,126,-0.0015541799684744553,0.5714285714285714,0.020410790570402813,-0.030840807353644147,-0.006969477301331641,0.0038611173643827304,-0.0020541799684744553,126,-0.0020874500010656374,0.5634920634920635,0.028486882906606427,-0.041556134300060485,-0.00924725741436502,0.005072357412233746,-0.0025874500010656374,126,0.0011119577834776057,0.5,0.05074398464003984,-0.048520069073084614,-0.008847809242294094,0.011071724809249306,0.0006119577834776057
SMH,0,FAR_FROM_LEVEL,2827,0.0011028086725003194,0.5376724442872303,0.013532270754582848,-0.013644575003758819,0.00043635366646266446,0.0017692636785379742,0.0006028086725003194,2827,0.005570843390683877,0.5871949062610541,0.030297471687906002,-0.029909115789143414,0.004154026106126418,0.0069876606752413365,0.005070843390683878,2827,0.010892569653588568,0.6020516448532013,0.045055639504029736,-0.041011084919717354,0.008870488420393629,0.012914650886783507,0.010392569653588568,2827,0.021913594205761423,0.6353024407499116,0.06570544919216595,-0.05463670168561647,0.019097547742390957,0.02472964066913189,0.021413594205761423
SMH,1,APPROACHING_SUPPORT,54,0.004732567783814917,0.48148148148148145,0.03526082005083775,-0.023615095035563426,-0.006309123974523147,0.01577425954215298,0.004232567783814917,54,0.016136239798309596,0.6296296296296297,0.05091389326485634,-0.042985771094819866,-0.0010970067084905485,0.03336948630510974,0.015636239798309595,54,0.014096689596773513,0.5185185185185185,0.06530108042979482,-0.0410465005310956,-0.003899456911191432,0.03209283610473846,0.013596689596773513,54,0.03004373261730546,0.5555555555555556,0.09441868949767081,-0.05042496348315123,0.003206586465921441,0.05688087876868948,0.02954373261730546
SMH,2,TOUCHING_SUPPORT,64,0.006167512588092318,0.609375,0.02154401267627108,-0.01781982754946655,0.00024752856632211453,0.012087496609862521,0.0056675125880923174,64,0.006631302585486214,0.65625,0.038736704171580295,-0.05466082771523884,-0.007214640378417857,0.020477245549390285,0.006131302585486213,64,0.010572173585125818,0.5,0.05451594443274404,-0.033371597262492406,-0.0029486483346724233,0.02409299550492406,0.010072173585125818,64,0.015998661521605707,0.515625,0.0779245967827826,-0.04992249536932454,-0.004539729961722944,0.03653705300493436,0.015498661521605707
SMH,3,SUPPORT_RECLAIM,11,-0.032322950997178745,0.2727272727272727,0.014584473712816681,-0.04991323526342703,-0.060829595689466304,-0.003816306304891187,-0.032822950997178746,11,0.012756750395175896,0.7272727272727273,0.052631678545797145,-0.0935763913398141,-0.032599711875141144,0.058113212665492936,0.012256750395175896,11,0.027444656389803132,0.6363636363636364,0.07362620600200688,-0.053373055431553434,-0.013569461901961684,0.06845877468156794,0.02694465638980313,11,0.07448308167126737,0.7272727272727273,0.11778608571592789,-0.04099159578116066,0.0222013435640915,0.12676481977844323,0.07398308167126737
SMH,4,SUPPORT_BREAKDOWN,13,0.012425214194438138,0.6153846153846154,0.03853531349514866,-0.029350944686698698,-0.012718350550008703,0.03756877893888498,0.011925214194438137,13,0.028777625970785235,0.7692307692307693,0.04986692359824936,-0.04152003278742852,0.001357736433228656,0.056197515508341817,0.028277625970785234,13,0.044559525411192305,0.6923076923076923,0.08350680123771537,-0.04307184519848459,0.005049153378049752,0.08406989744433485,0.044059525411192305,13,0.09951720467457542,0.8461538461538461,0.12614804183390282,-0.04695239970172538,0.0446607788319589,0.15437363051719194,0.09901720467457542
SMH,5,APPROACHING_RESISTANCE,450,0.0011599209950510947,0.5533333333333333,0.009652119253235418,-0.009850331132369772,-2.531590008918172e-05,0.002345157890191371,0.0006599209950510947,450,0.0019490461228876769,0.5622222222222222,0.02177814193633042,-0.02363673038057215,-0.0008142407892088601,0.004712333034984214,0.0014490461228876769,449,0.0054290259470227645,0.5567928730512249,0.0314037796818766,-0.02776057574490219,0.0019456769854013438,0.008912374908644185,0.004929025947022764,449,0.010081906176867833,0.6169265033407573,0.04593590896863925,-0.04822041712293774,0.004170809642952229,0.01599300271078344,0.009581906176867832
SMH,6,COMPRESSION_BELOW_RESISTANCE,85,0.0008635282322535063,0.5294117647058824,0.007846779025299035,-0.007559598821538068,-0.0013584167291482575,0.00308547319365527,0.00036352823225350626,85,0.0021005090295349504,0.5529411764705883,0.020106888092379198,-0.021291124245315318,-0.0035832493764150954,0.007784267435484996,0.0016005090295349504,85,0.004081870407269942,0.5529411764705883,0.025516652044583345,-0.023035774634526274,-0.002973246599126964,0.011136987413666848,0.003581870407269942,85,0.0175036746887093,0.7411764705882353,0.03282136900378923,-0.027615899938020515,0.009842779708485721,0.025164569668932883,0.0170036746887093
SMH,7,RESISTANCE_BREAKOUT,68,0.0008905368567571234,0.5147058823529411,0.012115927404155817,-0.011359404777686537,-0.0030959064878266383,0.004876980201340885,0.0003905368567571234,68,0.0019829032748782164,0.5588235294117647,0.022388225950656253,-0.0238638387811073,-0.005190043652048365,0.009155850201804797,0.0014829032748782164,67,0.011693841680024937,0.5970149253731343,0.03717249914802774,-0.027054329744593805,0.001988142801526061,0.021399540558523812,0.011193841680024937,67,0.025636643979665825,0.6716417910447762,0.0582539609893338,-0.04108059535829139,0.010889636860357014,0.040383651098974634,0.025136643979665824
SMH,8,BREAKOUT_RETEST,155,2.5830572982773934e-05,0.5419354838709678,0.00917888859889954,-0.011116273963699005,-0.0022028283496795093,0.002254489495645057,-0.0004741694270172261,153,0.0051663252248649386,0.5424836601307189,0.02607088990320922,-0.01990487105162361,-4.182921886942102e-05,0.010374479668599298,0.004666325224864938,153,0.010691099136214367,0.6209150326797386,0.03250848852988101,-0.025938718616033887,0.004537387626945138,0.016844810645483595,0.010191099136214367,147,0.01703592381165615,0.6802721088435374,0.044546337988144086,-0.04239897822828161,0.007875662356748822,0.026196185266563476,0.01653592381165615
SMH,9,FAILED_BREAKOUT,224,0.0014695180524064854,0.4955357142857143,0.013453522205157017,-0.010680448816819966,-0.0006964134381534396,0.0036354495429664103,0.0009695180524064853,223,0.009619518442659136,0.6412556053811659,0.02710906343868672,-0.021643043237740172,0.005435836981023972,0.0138031999042943,0.009119518442659135,222,0.016472249235437296,0.7072072072072072,0.038944682402969166,-0.037807320107678136,0.010307143542541848,0.022637354928332742,0.015972249235437296,220,0.02737205337589297,0.6772727272727272,0.059985951141601504,-0.041071196864819325,0.019415459357431362,0.03532864739435458,0.02687205337589297
SMH,10,CONTINUATION,39,-0.0034435256501344023,0.41025641025641024,0.010401799522578442,-0.013669376941658944,-0.008976609815915547,0.0020895585156467432,-0.003943525650134403,38,-0.0020909467117719515,0.47368421052631576,0.023423770311321764,-0.02637283371848031,-0.012700217230526594,0.00851832380698269,-0.0025909467117719515,36,0.014123091649702555,0.6388888888888888,0.035512118657172666,-0.02569561914380661,-0.00014536042218678616,0.028391543721591896,0.013623091649702554,34,0.022712974462840676,0.7058823529411765,0.05345252001113982,-0.051061934853077286,0.0018827266443122263,0.04354322228136913,0.022212974462840675
SMH,11,CHOP_OR_NO_EDGE,126,-0.0005930050194920403,0.49206349206349204,0.014288952588902242,-0.015009901452624002,-0.003921755219952801,0.0027357451809687195,-0.0010930050194920403,126,-0.0011975359010471744,0.4444444444444444,0.0338809627017552,-0.030120932865150517,-0.007909853673877825,0.005514781871783475,-0.0016975359010471744,126,-0.00012100763399813543,0.5476190476190477,0.038707934521843075,-0.04712446392791118,-0.009079606859774006,0.008837591591777737,-0.0006210076339981355,126,0.006296681624101028,0.5714285714285714,0.0523408454210987,-0.05509553677189585,-0.004468662199153315,0.01706202544735537,0.0057966816241010275
SPY,0,FAR_FROM_LEVEL,2679,0.0006882918302730679,0.5513251213139231,0.007777966858873384,-0.00809070741380406,0.0002779785619313262,0.0010986050986148096,0.0001882918302730679,2679,0.00294037361977256,0.6061963419186264,0.01696144120034606,-0.01867817624120733,0.002057038857164519,0.0038237083823806015,0.00244037361977256,2678,0.00601245789652275,0.6389096340552651,0.024082948005613208,-0.025961284168269153,0.0047816655653368885,0.007243250227708611,0.00551245789652275,2675,0.011338630880906201,0.6807476635514018,0.03421775694159417,-0.037490853205414884,0.009671656996531938,0.013005604765280464,0.0108386308809062
SPY,1,APPROACHING_SUPPORT,37,0.004826983716667971,0.6216216216216216,0.019574395984875547,-0.019400907866815902,-0.004085555830739913,0.013739523264075855,0.004326983716667971,37,0.019031138559673474,0.6756756756756757,0.04127773556502454,-0.027315938534807904,0.006021102339032315,0.03204117478031463,0.018531138559673473,37,0.022318511636243953,0.6756756756756757,0.05229393854251064,-0.04013029441847831,0.005468109324825561,0.039168913947662344,0.021818511636243952,37,0.03821503196630065,0.7027027027027027,0.07343126308298382,-0.045023332491314114,0.016662428165278655,0.059767635767322635,0.03771503196630065
SPY,2,TOUCHING_SUPPORT,31,0.0020441319331619143,0.5483870967741935,0.02185460868954218,-0.02201144698529984,-0.009180422184191267,0.013268686050515094,0.0015441319331619143,31,0.011713915435629184,0.6129032258064516,0.0482733736236131,-0.046171893362012016,-0.010089479408040364,0.03351731027929873,0.011213915435629183,31,0.024106203467170045,0.7096774193548387,0.050684762697384304,-0.040863607984464805,0.004200148267825863,0.04401225866651423,0.023606203467170045,31,0.05697064273296374,0.7096774193548387,0.08997142462013287,-0.023697935213449664,0.030695192459516706,0.08324609300641078,0.05647064273296374
SPY,3,SUPPORT_RECLAIM,11,-0.020418409017422423,0.36363636363636365,0.02234880002362205,-0.04485681418373355,-0.04635337547590121,0.005516557441056367,-0.020918409017422424,11,-0.01406045048018984,0.5454545454545454,0.029750704868788353,-0.06663383689896367,-0.053836079007377406,0.025715178046997723,-0.01456045048018984,11,-0.00810703821222328,0.45454545454545453,0.05065474939385406,-0.057075194550621065,-0.04977228826408499,0.03355821183963843,-0.00860703821222328,11,0.03342626101958632,0.8181818181818182,0.05189001318030617,-0.04966062370365304,-0.0003835259820685055,0.06723604802124114,0.03292626101958632
SPY,4,SUPPORT_BREAKDOWN,14,0.006213865219416558,0.35714285714285715,0.047313161892311405,-0.016619077376636135,-0.014449777658072344,0.026877508096905457,0.005713865219416558,14,0.0033181231187551707,0.6428571428571429,0.036857333717270103,-0.05705245595857171,-0.026686149515478912,0.03332239575298925,0.0028181231187551707,14,0.0054720407018928096,0.5714285714285714,0.04756281489007336,-0.05064899154901459,-0.03149633490094376,0.04244041630472938,0.00497204070189281,14,0.05326501508385711,0.8571428571428571,0.06556697897565543,-0.020546768266932802,0.02483398706783321,0.081696043099881,0.05276501508385711
SPY,5,APPROACHING_RESISTANCE,436,0.00028474543021928564,0.5504587155963303,0.003847074080442761,-0.00409819882938797,-0.00022399586034759422,0.0007934867207861655,-0.00021525456978071437,436,0.0015401659101482185,0.5940366972477065,0.009864629291524296,-0.010640828529266493,0.00022376513351360957,0.0028565666867828273,0.0010401659101482185,435,0.0038296845558066913,0.6666666666666666,0.01403298288799814,-0.016576912108576206,0.001956736881283363,0.00570263223033002,0.0033296845558066913,433,0.007855516991842745,0.7136258660508084,0.02225704196866346,-0.02803215411975082,0.004550792839029589,0.0111602411446559,0.0073555169918427445
SPY,6,COMPRESSION_BELOW_RESISTANCE,280,1.9986193455604326e-06,0.5321428571428571,0.004409832033607687,-0.00501149129458617,-0.0007537217217402524,0.0007577189604313732,-0.0004980013806544396,280,0.0019192136168766686,0.6142857142857143,0.010342937738085211,-0.011496347020603601,0.0002978736302124208,0.003540553603540916,0.0014192136168766686,280,0.002732904241926409,0.6071428571428571,0.014623403912324348,-0.015643322521415863,0.0005372312956749667,0.004928577188177852,0.002232904241926409,280,0.007252751462309415,0.6428571428571429,0.023859178042899748,-0.022638816382753182,0.0038266576540126485,0.010678845270606181,0.006752751462309414
SPY,7,RESISTANCE_BREAKOUT,67,0.0004799567975713981,0.5074626865671642,0.0035176396093294926,-0.002649777008482396,-0.0005909919318719701,0.0015509055270147665,-2.00432024286019e-05,66,0.00222556087373282,0.6212121212121212,0.008126541431218218,-0.007452047240543234,-0.0002617332534169143,0.004712855000882555,0.0017255608737328202,65,0.004318287293295277,0.6307692307692307,0.013609864196473162,-0.011554823249633611,0.0004549804343844119,0.00818159415220614,0.0038182872932952766,65,0.007098730764109758,0.6923076923076923,0.02149308985044522,-0.025288577180145034,0.0007140264400172808,0.013483435088202236,0.006598730764109759
SPY,8,BREAKOUT_RETEST,211,0.0004378175117940928,0.5592417061611374,0.004001708236539988,-0.004084108354012526,-0.0002867654913287243,0.00116240051491691,-6.218248820590721e-05,208,0.0010564933242078675,0.6009615384615384,0.008767679672479524,-0.010685479849081756,-0.00061330171252453,0.002726288360940265,0.0005564933242078675,206,0.001950975447233642,0.6650485436893204,0.010815014766659402,-0.015648638853655184,-0.00028109554250702854,0.004183046436974313,0.001450975447233642,202,0.0007650686522201307,0.6188118811881188,0.017586882266861545,-0.026543070332587366,-0.002894884819831319,0.004425022124271581,0.0002650686522201307
SPY,9,FAILED_BREAKOUT,181,0.00021965461504023858,0.569060773480663,0.004992429407798192,-0.00616185381403806,-0.0009048188128059066,0.0013441280428863837,-0.00028034538495976143,181,0.0015392163539471287,0.6629834254143646,0.00945437024858608,-0.014031578192883596,-0.0007613318284101914,0.0038397645363044486,0.0010392163539471287,181,0.0019826707633136256,0.6132596685082873,0.015591849973174508,-0.019881622302356582,-0.0011576701054135212,0.005123011632040772,0.0014826707633136256,180,0.006510339800696681,0.65,0.023528444582054577,-0.02509471193611085,0.002337682891001694,0.01068299671039167,0.006010339800696681
SPY,10,CONTINUATION,43,-0.000763881423491331,0.5116279069767442,0.0031434495488801687,-0.0048572757754995685,-0.0027285023580747567,0.0012007395110920946,-0.001263881423491331,43,0.0005265644289975152,0.5116279069767442,0.010578810797804568,-0.01000436033832416,-0.004176040668185438,0.0052291695261804695,2.6564428997515217e-05,43,-0.0003048407655961072,0.627906976744186,0.012869837613746316,-0.022537110530736447,-0.007826329475836056,0.007216647944643842,-0.0008048407655961072,43,-0.005615450288503474,0.46511627906976744,0.01721688714492666,-0.025469656752355768,-0.013815107100003419,0.002584206522996471,-0.006115450288503474
SPY,11,CHOP_OR_NO_EDGE,126,-0.0006880624042440623,0.5555555555555556,0.007523106949761241,-0.010952024096750692,-0.002905895012267345,0.0015297702037792202,-0.0011880624042440624,126,-0.002305315174870847,0.5396825396825397,0.018366024919808224,-0.02700630537860852,-0.007149633840615,0.0025390034908733066,-0.002805315174870847,126,-0.004056029191701294,0.5317460317460317,0.024640222705908776,-0.036643298295766964,-0.01041825278479995,0.0023061944013973617,-0.004556029191701293,126,-0.0034805060049259958,0.5238095238095238,0.03853698849874558,-0.04969974995896472,-0.012414887548591328,0.005453875538739337,-0.003980506004925995
TLT,0,FAR_FROM_LEVEL,3260,-5.879897759045479e-05,0.5098159509202455,0.006666532211820389,-0.00712481744816079,-0.00036797278511819766,0.00025037482993728804,-0.0005587989775904548,3259,5.1493362875312335e-05,0.5096655415771709,0.014350906861811813,-0.014895556593995454,-0.0006015801264136898,0.0007045668521643146,-0.0004485066371246877,3256,0.0004039288176657549,0.507985257985258,0.020343488179076236,-0.020246047099481777,-0.0004967283493324031,0.001304585984663913,-9.607118233424512e-05,3249,0.0009531362935491271,0.5032317636195752,0.029739043889558232,-0.028330178557365644,-0.00033169498954182023,0.0022379675766400747,0.0004531362935491271
TLT,1,APPROACHING_SUPPORT,169,-5.6527401130259355e-05,0.5621301775147929,0.007418531570541058,-0.009652886891789383,-0.0016472259196633795,0.0015341711174028606,-0.0005565274011302593,168,-0.000213187779950609,0.5297619047619048,0.013629951639981519,-0.01580862332898807,-0.0031092075094471742,0.0026828319495459563,-0.000713187779950609,168,-0.003620792453217787,0.43452380952380953,0.022415536880558005,-0.023627656046540234,-0.007964964470917617,0.0007233795644820428,-0.004120792453217787,168,-0.006423575222518925,0.43452380952380953,0.029583079550609178,-0.03409184678502789,-0.012661455937734295,-0.00018569450730355607,-0.006923575222518925
TLT,2,TOUCHING_SUPPORT,158,0.0015650076309533488,0.6139240506329114,0.007755341263334057,-0.008278637653324171,1.8877535000428984e-05,0.0031111377269062686,0.0010650076309533488,156,-0.001118717726093087,0.5256410256410257,0.013800363141942015,-0.017650672201483333,-0.004257566983633895,0.0020201315314477206,-0.0016187177260930871,156,-0.0020062463565644418,0.4935897435897436,0.016324074765002375,-0.019872508715559945,-0.005678984297337096,0.0016664915842082126,-0.0025062463565644418,153,-0.007421177512041457,0.45098039215686275,0.02510836867749906,-0.03414187616773545,-0.013308720433765263,-0.0015336345903176523,-0.007921177512041458
TLT,3,SUPPORT_RECLAIM,37,-0.001281149468369628,0.3783783783783784,0.008712393161623153,-0.0073641754170608855,-0.00444332417148782,0.001881025234748564,-0.001781149468369628,37,0.0007963326480099342,0.5405405405405406,0.0152763704261901,-0.016239005914554967,-0.005450973810560735,0.007043639106580604,0.0002963326480099342,36,-0.0027215061099368897,0.4722222222222222,0.020425816799419988,-0.023432268713045677,-0.011814953510710121,0.006371941290836342,-0.0032215061099368897,36,-0.010797403060702633,0.3333333333333333,0.034567062639419256,-0.033479635910763576,-0.02462259805108325,0.003027791929677986,-0.011297403060702633
TLT,4,SUPPORT_BREAKDOWN,45,-0.00013703230645188845,0.5333333333333333,0.00892456851814133,-0.010493147534558423,-0.0036866364758117824,0.003412571862908005,-0.0006370323064518884,45,0.0023655315603001467,0.5111111111111111,0.015925028560407718,-0.011810306212539584,-0.0025484346853203196,0.007279497805920613,0.0018655315603001467,44,-0.004127703339665548,0.45454545454545453,0.01837717741888283,-0.022881770638455864,-0.011454138483261558,0.003198731803930461,-0.004627703339665548,44,-0.010002235007987859,0.36363636363636365,0.033104664783503074,-0.03463474917455411,-0.02271228148180219,0.002707811465826474,-0.010502235007987859
TLT,5,APPROACHING_RESISTANCE,77,-0.00154863040807254,0.44155844155844154,0.007078874512562956,-0.008370378484854096,-0.0039150734976001285,0.0008178126814550486,-0.0020486304080725402,77,-0.004948579318590343,0.4025974025974026,0.016300611525231816,-0.01969687921808095,-0.010030395477323699,0.0001332368401430117,-0.005448579318590344,77,-0.005124556403095127,0.44155844155844154,0.020737426096610126,-0.026182460245787357,-0.012109265825631935,0.0018601530194416798,-0.005624556403095128,77,-0.003364513753589041,0.45454545454545453,0.027037597709613857,-0.02869960663959146,-0.01150164818814024,0.0047726206809621564,-0.003864513753589041
TLT,6,COMPRESSION_BELOW_RESISTANCE,53,0.00019970544076728926,0.5283018867924528,0.006442582529724191,-0.006792316898864441,-0.002059775026065855,0.002459185907600433,-0.00030029455923271075,53,-0.0007467996228103759,0.49056603773584906,0.013992457334854658,-0.014940158174635964,-0.005883662973659798,0.004390063728039047,-0.001246799622810376,53,-0.00028018980837584204,0.4528301886792453,0.02186824103413244,-0.01860992567803787,-0.007776218706354318,0.007215839089602633,-0.0007801898083758421,53,-0.0010837065187392296,0.39622641509433965,0.0323669924014975,-0.023035727685144582,-0.010821020795946264,0.008653607758467807,-0.0015837065187392296
TLT,7,RESISTANCE_BREAKOUT,26,0.0008295799597935941,0.5769230769230769,0.007356864907708853,-0.00807126315099994,-0.003394613454881904,0.005053773374469092,0.0003295799597935941,26,-0.00107223733417957,0.4230769230769231,0.019744316091588342,-0.016337709846409372,-0.009319061895334473,0.007174587226975334,-0.00157223733417957,26,0.00845172631363701,0.5,0.034207968330546394,-0.01730451570327237,-0.006607775572369159,0.02351122819964318,0.00795172631363701,26,-0.001439735262560979,0.34615384615384615,0.039939062570110914,-0.023346157644563745,-0.01671745448267387,0.013837983957551911,-0.001939735262560979
TLT,8,BREAKOUT_RETEST,40,0.0005069852399417236,0.5,0.012648271369203379,-0.012246632515073613,-0.0052356036994256425,0.006249574179309089,6.985239941723542e-06,40,-0.00041763619917790375,0.4,0.02554196033776003,-0.01772403389046986,-0.008355999522900255,0.007520727124544447,-0.0009176361991779038,40,-0.007249384955576768,0.375,0.03011028316721946,-0.029665185829254502,-0.017652057877770085,0.00315328796661655,-0.0077493849555767685,40,-0.0004860549850865675,0.325,0.046582438525821473,-0.02314866297182007,-0.0117010299695863,0.010728919999413165,-0.0009860549850865675
TLT,9,FAILED_BREAKOUT,107,0.0007245981494178716,0.4953271028037383,0.009442626564894141,-0.00783198529540143,-0.0016643867079388875,0.003113583006774631,0.00022459814941787164,107,0.004060749471691962,0.5233644859813084,0.020612541805585794,-0.01411376760081891,-0.0005304088477635863,0.00865190779114751,0.003560749471691962,107,0.0015784508979331355,0.4485981308411215,0.02140455212619234,-0.014551258575904863,-0.0030213123302975696,0.00617821412616384,0.0010784508979331355,107,0.00014315245896137356,0.3644859813084112,0.034930709830811466,-0.019808534857246762,-0.00626187867824549,0.006548183596168238,-0.0003568475410386264
TLT,10,CONTINUATION,18,-0.0010323341168503432,0.5,0.009994192094446828,-0.012058860328147514,-0.0076207468185196265,0.0055560785848189406,-0.0015323341168503432,18,-0.007602035416150337,0.3333333333333333,0.0275018805518142,-0.025153993400132607,-0.022830294058619513,0.0076262232263188375,-0.008102035416150337,18,3.91255762515752e-05,0.3333333333333333,0.03692030089773087,-0.018401462084488073,-0.014397434562954812,0.014475685715457962,-0.0004608744237484248,18,0.0027359902641414524,0.5,0.04213761094174965,-0.036665630413466745,-0.0193482366650718,0.024820217193354706,0.0022359902641414524
TLT,11,CHOP_OR_NO_EDGE,126,0.0010213453076410508,0.5476190476190477,0.007285600156155081,-0.006561700035296985,-0.0005553793761350109,0.002598069991417112,0.0005213453076410508,126,0.004556368747992872,0.6111111111111112,0.016386014843403168,-0.014325430847811292,0.0013024764341133328,0.007810261061872412,0.004056368747992872,126,0.008739032423440943,0.626984126984127,0.021912569171719517,-0.013403720834303903,0.004961942268910005,0.01251612257797188,0.008239032423440942,126,0.01584586653753396,0.6428571428571429,0.03367807857597668,-0.016252115131662935,0.010456611128523058,0.02123512194654486,0.015345866537533958
XLE,0,FAR_FROM_LEVEL,3227,0.00047922932768892576,0.5159590951348001,0.011640253023103415,-0.011702459477043976,-7.775573524289e-05,0.0010362143906207416,-2.077067231107425e-05,3223,0.0017286353686446062,0.5339745578653429,0.026191660930413467,-0.02649527610201208,0.00046967978596620095,0.0029875909513230117,0.0012286353686446062,3218,0.003514628305054187,0.5351149782473587,0.03798626377223756,-0.03643250661961529,0.0017514944780078496,0.005277762132100524,0.003014628305054187,3208,0.006707387497146974,0.5383416458852868,0.055599005327279655,-0.050475733813932576,0.004156818479882279,0.009257956514411669,0.006207387497146975
XLE,1,APPROACHING_SUPPORT,77,-0.0024815696056022496,0.4935064935064935,0.012894957754014275,-0.017463827032920914,-0.007372420748961767,0.002409281537757267,-0.0029815696056022497,77,0.0006944471002710684,0.5714285714285714,0.03321760035533697,-0.04400318715356108,-0.012530632106756515,0.013919526307298652,0.0001944471002710684,77,0.0031124142738850197,0.5324675324675324,0.04646956913242553,-0.04758846958115144,-0.013621422329125717,0.019846250876895757,0.0026124142738850197,77,0.011804916209662538,0.5324675324675324,0.07468152140723028,-0.05980455082090072,-0.009397974970858073,0.03300780739018315,0.011304916209662537
XLE,2,TOUCHING_SUPPORT,82,0.0017091033464460862,0.524390243902439,0.019614370107524797,-0.01803260103115352,-0.005556718134956364,0.008974924827848537,0.0012091033464460862,82,0.0066025812021791395,0.6707317073170732,0.03342594525008582,-0.048037604821334484,-0.006080339734086653,0.019285502138444932,0.006102581202179139,82,0.015178618367950179,0.6585365853658537,0.04461923373946547,-0.04159971127711504,0.0017999715895419145,0.028557265146358445,0.014678618367950178,82,0.017004439113508463,0.5487804878048781,0.06745378799250171,-0.04435287709067252,-0.0003934476989023751,0.0344023259259193,0.016504439113508462
XLE,3,SUPPORT_RECLAIM,25,-0.011775712394827371,0.44,0.018183340332959794,-0.035314968109517286,-0.027103658970497043,0.003552234180842301,-0.012275712394827372,25,-0.0019967230037319615,0.56,0.046241896806906393,-0.06339133003545351,-0.033799227116722716,0.029805781109258796,-0.0024967230037319615,25,0.007854032417813937,0.64,0.06546853253301359,-0.09457174556476322,-0.033980041802759486,0.049688106638387367,0.007354032417813936,25,0.021498683256986974,0.52,0.12408149185418195,-0.08963269272330758,-0.0373494305757667,0.08034679708974066,0.020998683256986974
XLE,4,SUPPORT_BREAKDOWN,33,-0.003687348795363446,0.42424242424242425,0.032365036525139654,-0.03025226429468152,-0.020507887812774232,0.013133190222047342,-0.004187348795363446,33,-0.006395692751988383,0.45454545454545453,0.057170333869753745,-0.059367381603440156,-0.03522834247525966,0.0224369569712829,-0.006895692751988383,33,-0.03256217140220393,0.6060606060606061,0.05693334273590175,-0.1702475777685204,-0.08547647830815591,0.020352135503748058,-0.03306217140220393,33,-0.028269736877990788,0.42424242424242425,0.12725647279438185,-0.14286799663658115,-0.09665890344526007,0.04011942968927849,-0.02876973687799079
XLE,5,APPROACHING_RESISTANCE,262,0.0016524127857917375,0.5305343511450382,0.010793004567193475,-0.008894129041353813,6.832296514747908e-05,0.0032365026064359956,0.0011524127857917375,262,0.006242083276966172,0.6068702290076335,0.02456218623386164,-0.02247486923385013,0.0026546606692683253,0.009829505884664018,0.0057420832769661725,262,0.005177868547717959,0.5305343511450382,0.03836244903174177,-0.03232340533260163,-0.0005212000949374818,0.0108769371903734,0.0046778685477179595,262,0.0031534709918121634,0.5267175572519084,0.052027700915936524,-0.05123881714955204,-0.005421438200555807,0.011728380184180135,0.0026534709918121634
XLE,6,COMPRESSION_BELOW_RESISTANCE,48,-0.0013213593337772014,0.4166666666666667,0.007686322089491449,-0.007755417493254808,-0.0040974472569666985,0.001454728589412296,-0.0018213593337772014,48,-0.007442486653209163,0.4375,0.012516008576874632,-0.022965760721052116,-0.014251962178109548,-0.000633011128308777,-0.007942486653209162,48,-0.00594173090306524,0.375,0.0214884187602795,-0.022399820701072087,-0.013464645559575928,0.0015811837534454474,-0.00644173090306524,48,0.0009051487947811845,0.4375,0.03151518872137872,-0.02378353157690216,-0.008932800884277593,0.010743098473839963,0.0004051487947811845
XLE,7,RESISTANCE_BREAKOUT,33,-0.0004792916814651465,0.5151515151515151,0.006440508947576699,-0.007831579849822107,-0.0036851345299004053,0.002726551166970112,-0.0009792916814651464,33,0.002463966043374127,0.5757575757575758,0.01982317552266234,-0.024610787958269858,-0.007052427681410919,0.011980359768159173,0.001963966043374127,33,-0.00440676719470629,0.5454545454545454,0.029002150272190726,-0.044497468154982706,-0.022143119489992653,0.013329585100580075,-0.00490676719470629,33,0.010839034041111055,0.6060606060606061,0.053201787471700755,-0.054334432775180797,-0.013766006785068735,0.03544407486729084,0.010339034041111054
XLE,8,BREAKOUT_RETEST,72,0.00048384206890305433,0.5,0.009376024625405254,-0.008408340487599145,-0.0023607578780484198,0.0033284420158545282,-1.615793109694568e-05,72,0.000631753715926994,0.5972222222222222,0.01684933757462193,-0.023415008557310327,-0.005973646934616482,0.007237154366470469,0.00013175371592699398,72,0.007085357398229814,0.6805555555555556,0.0316793841164647,-0.04531061256670537,-0.0046443089174616915,0.018815023713921318,0.006585357398229814,72,0.016989782711441376,0.7083333333333334,0.04974563898745967,-0.06256015395888877,0.0018645648649188076,0.032115000557963944,0.016489782711441376
XLE,9,FAILED_BREAKOUT,115,0.000332266911132395,0.5391304347826087,0.010151587951231665,-0.011368995349925727,-0.0023163505597592307,0.002980884382024021,-0.000167733088867605,115,-0.0023457018045652685,0.5565217391304348,0.02233126422412799,-0.03331287486018034,-0.009586559800375026,0.0048951561912444885,-0.0028457018045652685,115,0.00455109777715048,0.5391304347826087,0.03986634811347968,-0.03746802574352759,-0.005047376011493158,0.014149571565794118,0.004051097777150479,115,0.014758133659106725,0.6956521739130435,0.04723669873233699,-0.05947858650827676,0.0023137168203444178,0.027202550497869033,0.014258133659106725
XLE,10,CONTINUATION,16,-0.0027231017785978445,0.5,0.008181318021431072,-0.013627521578626761,-0.009882185813273282,0.004435982256077593,-0.0032231017785978445,16,-0.003895986199400611,0.4375,0.01134492312460814,-0.015750026784740752,-0.013509891808880218,0.005717919410078995,-0.004395986199400612,16,0.0039024294429330364,0.5625,0.03093150556442217,-0.03599077983214516,-0.01946071355813064,0.027265572443996713,0.0034024294429330364,16,0.004586525727892164,0.625,0.028614828815592564,-0.03546064608494184,-0.01717135668561438,0.02634440814139871,0.004086525727892164
XLE,11,CHOP_OR_NO_EDGE,126,-0.0011700726151173768,0.4603174603174603,0.01206382809570951,-0.0130327873700914,-0.004110189372154896,0.0017700441419201418,-0.0016700726151173768,126,-0.004922941024236244,0.47619047619047616,0.02702112570152534,-0.0339630016840195,-0.011401721576792725,0.0015558395283202372,-0.005422941024236244,126,-0.009347396547717837,0.49206349206349204,0.031992095768056734,-0.049395029728624446,-0.01787986311053853,-0.0008149299848971454,-0.009847396547717838,126,-0.012807251341647733,0.48412698412698413,0.03765464650882242,-0.06016380163208896,-0.023451764090516646,-0.00216273859277882,-0.013307251341647734
XLF,0,FAR_FROM_LEVEL,2988,0.0004903140444842811,0.5254350736278447,0.009459307930430903,-0.00984993015883553,1.6026425391756256e-05,0.000964601663576806,-9.685955515718902e-06,2984,0.002402338284391533,0.5609919571045576,0.021044649197979243,-0.021887804459276846,0.0013809675769221044,0.0034237089918609616,0.0019023382843915328,2979,0.004982392139710549,0.5871097683786506,0.02924307488621924,-0.02978145347973727,0.0035529689691119054,0.006411815310309193,0.004482392139710549,2969,0.009867891789393617,0.6177164028292355,0.04133164978567381,-0.04126395295848812,0.007931277810605146,0.011804505768182087,0.009367891789393616
XLF,1,APPROACHING_SUPPORT,57,0.00039528418857549016,0.43859649122807015,0.01632541274361441,-0.012438842575534107,-0.0044308741598057455,0.005221442536956726,-0.00010471581142450985,57,0.009162103733013948,0.6491228070175439,0.03429730060737446,-0.037338010484553,-0.004663194597741491,0.022987402063769386,0.008662103733013947,57,0.014134720107382665,0.6666666666666666,0.04453166141948969,-0.04665916251683139,-0.0012173037747257639,0.029486743989491096,0.013634720107382665,57,0.011191067223401132,0.6491228070175439,0.05465758612466373,-0.06922199274393467,-0.008288866796031006,0.03067100124283327,0.010691067223401131
XLF,2,TOUCHING_SUPPORT,65,0.00012019100652860783,0.5076923076923077,0.020069380802203843,-0.02045241097026148,-0.007827521995476918,0.008067904008534134,-0.0003798089934713922,65,0.009175905492550585,0.6461538461538462,0.0393434106619312,-0.04591258220805749,-0.0053214781380984625,0.02367328912319963,0.008675905492550585,65,0.00864364766555964,0.6,0.04564581092135191,-0.048733981106853924,-0.007001233742409997,0.024288529073529276,0.008143647665559639,65,0.03997060702995773,0.7538461538461538,0.06894855822867459,-0.04877436851611271,0.022670202290889983,0.05727101176902548,0.03947060702995773
XLF,3,SUPPORT_RECLAIM,10,-0.012856292848991003,0.6,0.02315403094380608,-0.06687177853818663,-0.04816639391573117,0.02245380821774917,-0.013356292848991003,10,-0.02843876273925382,0.5,0.013195714188051034,-0.07007323966655868,-0.07151558317400204,0.014638057695494398,-0.02893876273925382,10,-0.01932976642435693,0.5,0.03427823175711002,-0.07293776460582388,-0.06492077039235924,0.026261237543645392,-0.01982976642435693,10,0.02135071077929048,0.6,0.06472509876088373,-0.04371087119309938,-0.02340196146075217,0.06610338301933313,0.02085071077929048
XLF,4,SUPPORT_BREAKDOWN,13,0.01457766003494196,0.6153846153846154,0.04333275054384131,-0.031430484779297,-0.015402117256002141,0.04455743732588606,0.01407766003494196,13,0.005379359276074811,0.5384615384615384,0.049962957505660786,-0.04663483865844217,-0.027882793640537182,0.0386415121926868,0.00487935927607481,13,-0.0030760172787300125,0.6153846153846154,0.05251396526455149,-0.09201998934798042,-0.05245603008395001,0.046303995526489984,-0.0035760172787300125,13,0.04095075169406088,0.6153846153846154,0.0909670957274406,-0.039075398759346694,-0.002449975605562295,0.08435147899368406,0.04045075169406088
XLF,5,APPROACHING_RESISTANCE,369,0.000565219858596672,0.5176151761517616,0.006584280527445544,-0.006099020075115855,-0.0002859761234143899,0.0014164158406077339,6.521985859667199e-05,369,0.001477976766186,0.5121951219512195,0.016338599974501204,-0.01444671572987553,-0.0007015654559883783,0.003657518988360378,0.000977976766186,369,0.003557124768819708,0.5528455284552846,0.024731422417192703,-0.023184044306912042,0.0003596471710877562,0.00675460236655166,0.003057124768819708,369,0.004652642651919235,0.5392953929539296,0.038584950224686915,-0.03569808356978742,-0.0004438214366875191,0.009749106740525988,0.004152642651919235
XLF,6,COMPRESSION_BELOW_RESISTANCE,148,0.0002750671352856795,0.4594594594594595,0.00727466141774523,-0.006218726580608152,-0.0012591836127689175,0.0018093178833402765,-0.0002249328647143205,148,-0.0008059872512168819,0.5337837837837838,0.014196873125910303,-0.017983175219232067,-0.004506884942771068,0.0028949104403373036,-0.001305987251216882,148,-0.001447546893401239,0.5067567567567568,0.025449271553720544,-0.029081264476060607,-0.0075385256739140295,0.004643431887111553,-0.001947546893401239,148,-0.006162043473871004,0.5540540540540541,0.032086579288674616,-0.05450895285852657,-0.01812942386077218,0.005805336913030175,-0.006662043473871004
XLF,7,RESISTANCE_BREAKOUT,48,-0.0001972462291379845,0.4583333333333333,0.007424895985541696,-0.0069126212272216225,-0.002909161540394845,0.002514669082118876,-0.0006972462291379845,48,0.003976219191445117,0.5208333333333334,0.017024050026444238,-0.010206205629206102,-0.0009898013625247821,0.008942239745415016,0.003476219191445117,48,0.006211649839547845,0.6875,0.018019462483578275,-0.02117736211855618,-0.0004620067214613846,0.012885306400557075,0.005711649839547845,48,0.005664360630672327,0.6458333333333334,0.027277018513358762,-0.0337469566848147,-0.005114367124754356,0.01644308838609901,0.005164360630672327
XLF,8,BREAKOUT_RETEST,124,-0.00012972820826143955,0.45161290322580644,0.006486849808119164,-0.005836152108909103,-0.0015093325016941458,0.0012498760851712668,-0.0006297282082614395,124,-0.00026972802850400786,0.5,0.011543412719575883,-0.01228094859259347,-0.0031546703631212735,0.0026152143061132583,-0.0007697280285040079,124,-0.0016201547158681711,0.5161290322580645,0.016637654504987845,-0.02182257022563578,-0.006150753489786312,0.0029104440580499697,-0.002120154715868171,124,0.006024074494447175,0.5483870967741935,0.02913590896530421,-0.02285660319128216,0.0003558282105288581,0.011692320778365493,0.0055240744944471745
XLF,9,FAILED_BREAKOUT,145,0.0006651426955095746,0.5517241379310345,0.006563139791591979,-0.006696960819976094,-0.0007159282692406976,0.0020462136602598466,0.0001651426955095746,145,0.0034331484166811475,0.6413793103448275,0.013737647967071892,-0.015914178377937134,0.00037243287634873556,0.0064938639570135594,0.0029331484166811475,145,0.005312616686389363,0.6689655172413793,0.018798050829286664,-0.021939198144048933,0.0013354804800007085,0.009289752892778017,0.0048126166863893625,145,0.0036846703134001354,0.5793103448275863,0.027416727303473838,-0.028995539312275123,-0.002014855133763182,0.009384195760563452,0.0031846703134001354
XLF,10,CONTINUATION,23,0.0012406950639579977,0.5652173913043478,0.005836472703437559,-0.004733815867365432,-0.0015395650657784206,0.004020955193694416,0.0007406950639579977,23,-0.0022947545547867434,0.391304347826087,0.008254116260832476,-0.009076171507684814,-0.006891655027353692,0.002302145917780206,-0.0027947545547867434,23,0.0020705259928843756,0.5652173913043478,0.01314026222254904,-0.01368903456186632,-0.006194156458786326,0.010335208444555077,0.0015705259928843755,23,0.0062666509182004206,0.5652173913043478,0.031566609552376335,-0.026623295306228267,-0.008705795227719533,0.021239097064120374,0.00576665091820042
XLF,11,CHOP_OR_NO_EDGE,126,-0.0004573466036336356,0.5555555555555556,0.011528952276862417,-0.016314194932796365,-0.003567415149683649,0.002652721942416378,-0.0009573466036336357,126,-0.0015605710817779028,0.5634920634920635,0.024184828980263313,-0.03680297719043675,-0.00773652485608502,0.004615382692529214,-0.0020605710817779028,126,-0.0026690024482784944,0.49206349206349204,0.037618310172665655,-0.041697336549818144,-0.010820497078320728,0.00548249218176374,-0.0031690024482784944,126,-0.00045906180857434813,0.5158730158730159,0.0573083761905688,-0.062014528528972775,-0.012738374477846082,0.011820250860697386,-0.0009590618085743481
XLK,0,FAR_FROM_LEVEL,2709,0.0006889936824333642,0.5485418973791066,0.00995303386662814,-0.010924534607013888,0.00015264840155980734,0.001225338963306921,0.0001889936824333642,2709,0.004166373583641633,0.5939461055740125,0.022469556339276088,-0.022813587258541313,0.0030633628424218745,0.005269384324861392,0.0036663735836416334,2709,0.008328440641830494,0.6234772978959026,0.03219242236107344,-0.03127950409944368,0.006819877634366535,0.009837003649294454,0.007828440641830494,2709,0.017233815109815018,0.6725729051310446,0.04619808556435303,-0.042501708351204454,0.015185573201077354,0.019282057018552682,0.016733815109815017
XLK,1,APPROACHING_SUPPORT,39,0.007400976094787255,0.6410256410256411,0.02338984300561747,-0.0211505719602667,-0.002347307776016854,0.017149259965591364,0.006900976094787256,39,0.016673615306710618,0.5641025641025641,0.0525389976933418,-0.029740408958341492,0.001096233161936409,0.032250997451484825,0.016173615306710618,39,0.022038900179444914,0.6410256410256411,0.057936999316606334,-0.04206484827977191,0.003010596057633201,0.04106720430125663,0.021538900179444914,39,0.029408121233608562,0.5641025641025641,0.08795819732409536,-0.0463625654717273,0.0028603582352351026,0.05595588423198202,0.02890812123360856
XLK,2,TOUCHING_SUPPORT,43,0.010156206705334469,0.627906976744186,0.026512756998273556,-0.01744547191400024,0.000462931368139477,0.01984948204252946,0.009656206705334468,43,0.010830922235199547,0.627906976744186,0.03955607957414991,-0.03764278077427919,-0.005043131519453636,0.02670497598985273,0.010330922235199547,43,0.024378689307616743,0.6511627906976745,0.057786712962909735,-0.03798295484893019,0.006627357475036403,0.04213002114019708,0.023878689307616743,43,0.04640474264397369,0.7674418604651163,0.07188563241610099,-0.037682193604046385,0.024130478319032943,0.06867900696891444,0.04590474264397369
XLK,3,SUPPORT_RECLAIM,7,-0.003942386378287588,0.42857142857142855,0.024241113603975,-0.025080011364984528,-0.02685777193460397,0.018972999178028794,-0.004442386378287588,7,0.03135140438371938,0.8571428571428571,0.042577729555146715,-0.036006546644844595,0.0009236686417398304,0.061779140125698934,0.03085140438371938,7,0.03116279593124449,0.5714285714285714,0.06979386994174419,-0.020345302749421774,-0.01127291527589419,0.07359850713838317,0.03066279593124449,7,0.0627724993491313,0.8571428571428571,0.08735538240907208,-0.08472479901051333,-0.008604522636758483,0.1341495213350211,0.0622724993491313
XLK,4,SUPPORT_BREAKDOWN,11,0.001722063517076408,0.5454545454545454,0.02959294553215286,-0.031722994901015336,-0.020922576267180894,0.02436670330133371,0.001222063517076408,11,0.04934063187561521,0.8181818181818182,0.061189295315461134,-0.003978353603691476,0.030867663351689646,0.06781360039954076,0.04884063187561521,11,0.04818178727568887,0.6363636363636364,0.08150615430154622,-0.01013585501956149,0.013361128541934116,0.08300244600944362,0.04768178727568887,11,0.09781660466699259,0.9090909090909091,0.11208424644210305,-0.04485981308411213,0.043747807801466455,0.15188540153251873,0.09731660466699259
XLK,5,APPROACHING_RESISTANCE,483,0.0006136772152123205,0.5817805383022774,0.006284359376237227,-0.007613983884845128,-0.00020152069067344894,0.00142887512109809,0.00011367721521232047,483,0.0010302114671767,0.5693581780538303,0.01519368283791479,-0.01804250314598148,-0.0010026030097703977,0.003063025944123798,0.0005302114671766999,482,0.0038750235290639567,0.6099585062240664,0.02256471331840733,-0.025625077282811444,0.0010744214073346052,0.006675625650793308,0.0033750235290639567,480,0.005273669467348113,0.6229166666666667,0.03440392239926217,-0.04308561918362386,0.0005825308236982081,0.009964808110998018,0.004773669467348113
XLK,6,COMPRESSION_BELOW_RESISTANCE,165,2.4428091525336713e-06,0.5272727272727272,0.005497113331747806,-0.0064573756263769065,-0.001202779016121533,0.0012076646344266005,-0.0004975571908474663,165,0.0032830417314030484,0.5515151515151515,0.015261339180002312,-0.011603835338338458,0.0006625650848923717,0.005903518377913725,0.0027830417314030484,165,0.0057746467943124375,0.5878787878787879,0.020016859786775525,-0.014541451150818733,0.0023443816345122322,0.009204911954112643,0.005274646794312438,165,0.011916147955614334,0.6666666666666666,0.032820598409663976,-0.03044632245160503,0.006101176331629413,0.017731119579599254,0.011416147955614334
XLK,7,RESISTANCE_BREAKOUT,70,0.0014754336980516473,0.5571428571428572,0.006810205683942539,-0.005797059386076561,-0.0009216346859472349,0.0038725020820505295,0.0009754336980516472,70,0.004577675996787514,0.6,0.013819677348461266,-0.00962922699482397,0.0008362993878424842,0.008319052605732544,0.004077675996787515,69,0.005258512658255173,0.6231884057971014,0.02092598491189279,-0.020653076068914724,-0.0012811197561174706,0.011798145072627816,0.004758512658255174,68,0.010775685737275761,0.6176470588235294,0.030887528781003655,-0.02258118314669607,0.0023493293813467465,0.019202042093204776,0.010275685737275761
XLK,8,BREAKOUT_RETEST,207,0.00025811453398726997,0.5120772946859904,0.00570170933859247,-0.0056799121789220305,-0.0007932439761978195,0.0013094730441723596,-0.00024188546601273004,205,0.00042880475063525634,0.5951219512195122,0.012345288818728189,-0.018182311051341167,-0.002339456803935793,0.0031970663052063057,-7.119524936474367e-05,204,0.003295070424551871,0.6421568627450981,0.018132870972923917,-0.023655718483950715,-0.0003621895897925045,0.006952330438896246,0.002795070424551871,201,0.006563150382201286,0.6019900497512438,0.029542897029893714,-0.02855059890879343,0.001583869944005993,0.011542430820396578,0.006063150382201286
XLK,9,FAILED_BREAKOUT,208,0.0010519588776514758,0.5576923076923077,0.007540943077293026,-0.007716964122523341,-0.0003395767798774268,0.0024434945351803784,0.0005519588776514758,207,0.004775506490613473,0.6618357487922706,0.01610503289254954,-0.017397995181747117,0.0018703534446260378,0.007680659536600909,0.0042755064906134736,207,0.007568713406922095,0.6570048309178744,0.025275016931112133,-0.026723980391405375,0.0031219004928277564,0.012015526321016434,0.007068713406922096,204,0.010200981315313412,0.6617647058823529,0.03134104218124327,-0.031618242737410374,0.005121933917956979,0.015280028712669844,0.009700981315313412
XLK,10,CONTINUATION,48,-0.0006655249807877919,0.5625,0.005960706848827764,-0.00918496590457922,-0.004069369128304339,0.002738319166728755,-0.001165524980787792,47,0.0017475098487926691,0.6170212765957447,0.01531797152088333,-0.020116011734020063,-0.005592795622771449,0.009087815320356787,0.0012475098487926691,45,0.003473883403939738,0.6444444444444445,0.022981864455202793,-0.03188433225147455,-0.006916424968178025,0.013864191776057501,0.002973883403939738,44,0.009109818698285872,0.6590909090909091,0.03409781701003896,-0.039200311371103434,-0.0031218778060870134,0.021341515202658756,0.008609818698285872
XLK,11,CHOP_OR_NO_EDGE,126,-0.0009199778248461829,0.5158730158730159,0.008467361436594085,-0.01092288031654483,-0.0032533607364990014,0.0014134050868066356,-0.001419977824846183,126,-0.0030059372541329185,0.5238095238095238,0.01990962938468223,-0.028691248023894486,-0.00817010848307677,0.0021582339748109336,-0.0035059372541329185,126,-0.004588797852360052,0.5317460317460317,0.026763991347397258,-0.040192812706321746,-0.011596180210375142,0.002418584505655039,-0.005088797852360051,126,-0.0032627260123430433,0.5079365079365079,0.04316149780327889,-0.05202359568795201,-0.012736908528853022,0.0062114565041669345,-0.0037627260123430433
